Workbook

Sheet Total

Sheet 0.5
B1: Points_1 | C1: Pressure | R1: r | S1: v | T1: q
A2: 2 | B2: 0.122784 | C2: 122597 | E2: =MIN(B:B) -> -0.041283 | F2: =E3-E2 -> 0.165067 | H2: =(B2-$E$2)/$F$2 -> 0.99394185 | I2: =(Equation_Sheet!$B$2-'0.5'!C2)/'0.5'!$T$2 -> -1.0339247 | R2: =1.4*0.5 -> 0.7 | S2: =R2*Equation_Sheet!$D$2 -> 183.25957 | T2: =(Equation_Sheet!$E$2*'0.5'!S2^2)/2 -> 20574.033
A3: 2 | B3: 0.121572 | C3: 114527 | E3: =MAX(B:B) -> 0.123784 | H3: =(B3-$E$2)/$F$2 -> 0.98659938 | I3: =(Equation_Sheet!$B$2-'0.5'!C3)/'0.5'!$T$2 -> -0.64168265
A4: 2 | B4: 0.120108 | C4: 103040 | H4: =(B4-$E$2)/$F$2 -> 0.97773025 | I4: =(Equation_Sheet!$B$2-'0.5'!C4)/'0.5'!$T$2 -> -0.083357503
A5: 2 | B5: 0.118344 | C5: 110365 | H5: =(B5-$E$2)/$F$2 -> 0.96704369 | I5: =(Equation_Sheet!$B$2-'0.5'!C5)/'0.5'!$T$2 -> -0.43938882
A6: 2 | B6: 0.11623 | C6: 104171 | H6: =(B6-$E$2)/$F$2 -> 0.95423676 | I6: =(Equation_Sheet!$B$2-'0.5'!C6)/'0.5'!$T$2 -> -0.13832971
A7: 2 | B7: 0.113707 | C7: 103119 | H7: =(B7-$E$2)/$F$2 -> 0.93895206 | I7: =(Equation_Sheet!$B$2-'0.5'!C7)/'0.5'!$T$2 -> -0.087197294
A8: 2 | B8: 0.110713 | C8: 103939 | H8: =(B8-$E$2)/$F$2 -> 0.92081397 | I8: =(Equation_Sheet!$B$2-'0.5'!C8)/'0.5'!$T$2 -> -0.12705336
A9: 2 | B9: 0.107186 | C9: 101858 | H9: =(B9-$E$2)/$F$2 -> 0.89944689 | I9: =(Equation_Sheet!$B$2-'0.5'!C9)/'0.5'!$T$2 -> -0.025906443
A10: 2 | B10: 0.103065 | C10: 102535 | H10: =(B10-$E$2)/$F$2 -> 0.87448127 | I10: =(Equation_Sheet!$B$2-'0.5'!C10)/'0.5'!$T$2 -> -0.058811999
A11: 2 | B11: 0.0982966 | C11: 101923 | H11: =(B11-$E$2)/$F$2 -> 0.84559361 | I11: =(Equation_Sheet!$B$2-'0.5'!C11)/'0.5'!$T$2 -> -0.029065765
A12: 2 | B12: 0.0928386 | C12: 101084 | H12: =(B12-$E$2)/$F$2 -> 0.81252825 | I12: =(Equation_Sheet!$B$2-'0.5'!C12)/'0.5'!$T$2 -> 0.011713795
A13: 2 | B13: 0.0866709 | C13: 101060 | H13: =(B13-$E$2)/$F$2 -> 0.77516342 | I13: =(Equation_Sheet!$B$2-'0.5'!C13)/'0.5'!$T$2 -> 0.012880314
A14: 2 | B14: 0.0798004 | C14: 100327 | H14: =(B14-$E$2)/$F$2 -> 0.73354093 | I14: =(Equation_Sheet!$B$2-'0.5'!C14)/'0.5'!$T$2 -> 0.048507748
A15: 2 | B15: 0.0722684 | C15: 99893.9 | H15: =(B15-$E$2)/$F$2 -> 0.68791097 | I15: =(Equation_Sheet!$B$2-'0.5'!C15)/'0.5'!$T$2 -> 0.069558555
... A80: 1 | B80: -0.0411845 | C80: 118050 | H80: =(B80-$E$2)/$F$2 -> 0.00059672739 | I80: =(Equation_Sheet!$B$2-'0.5'!C80)/'0.5'!$T$2 -> -0.81291792

Sheet 0.68
B1: Points_1 | C1: Pressure | R1: r | S1: v | T1: q
A2: 2 | B2: -0.0411845 | C2: 125331 | E2: =MIN(B:B) -> -0.041283 | F2: =E3-E2 -> 0.165067 | H2: =(B2-$E$2)/$F$2 -> 0.00059672739 | I2: =(Equation_Sheet!$B$2-'0.68'!C2)/'0.68'!$T$2 -> -0.8441056 | R2: =0.143+0.68 -> 0.823 | S2: =R2*Equation_Sheet!$D$2 -> 215.4609 | T2: =(Equation_Sheet!$E$2*'0.68'!S2^2)/2 -> 28439.57
A3: 2 | B3: -0.0409106 | C3: 123351 | E3: =MAX(B:B) -> 0.123784 | H3: =(B3-$E$2)/$F$2 -> 0.0022560536 | I3: =(Equation_Sheet!$B$2-'0.68'!C3)/'0.68'!$T$2 -> -0.77448429
A4: 2 | B4: -0.0404312 | C4: 106260 | H4: =(B4-$E$2)/$F$2 -> 0.0051603288 | I4: =(Equation_Sheet!$B$2-'0.68'!C4)/'0.68'!$T$2 -> -0.17352583
A5: 2 | B5: -0.039751 | C5: 104344 | H5: =(B5-$E$2)/$F$2 -> 0.0092810798 | I5: =(Equation_Sheet!$B$2-'0.68'!C5)/'0.68'!$T$2 -> -0.10615491
A6: 2 | B6: -0.0388198 | C6: 96693.8 | H6: =(B6-$E$2)/$F$2 -> 0.014922425 | I6: =(Equation_Sheet!$B$2-'0.68'!C6)/'0.68'!$T$2 -> 0.16284353
A7: 2 | B7: -0.0376124 | C7: 87101.5 | H7: =(B7-$E$2)/$F$2 -> 0.022237031 | I7: =(Equation_Sheet!$B$2-'0.68'!C7)/'0.68'!$T$2 -> 0.50013063
A8: 2 | B8: -0.0360961 | C8: 83278 | H8: =(B8-$E$2)/$F$2 -> 0.031422998 | I8: =(Equation_Sheet!$B$2-'0.68'!C8)/'0.68'!$T$2 -> 0.6345736
A9: 2 | B9: -0.0342298 | C9: 82009.5 | H9: =(B9-$E$2)/$F$2 -> 0.042729316 | I9: =(Equation_Sheet!$B$2-'0.68'!C9)/'0.68'!$T$2 -> 0.67917694
A10: 2 | B10: -0.0319647 | C10: 79750.8 | H10: =(B10-$E$2)/$F$2 -> 0.056451623 | I10: =(Equation_Sheet!$B$2-'0.68'!C10)/'0.68'!$T$2 -> 0.75859798
A11: 2 | B11: -0.0292461 | C11: 79836.2 | H11: =(B11-$E$2)/$F$2 -> 0.072921299 | I11: =(Equation_Sheet!$B$2-'0.68'!C11)/'0.68'!$T$2 -> 0.75559512
A12: 2 | B12: -0.026016 | C12: 79770.5 | H12: =(B12-$E$2)/$F$2 -> 0.092489716 | I12: =(Equation_Sheet!$B$2-'0.68'!C12)/'0.68'!$T$2 -> 0.75790528
A13: 2 | B13: -0.0222164 | C13: 79880 | H13: =(B13-$E$2)/$F$2 -> 0.11550825 | I13: =(Equation_Sheet!$B$2-'0.68'!C13)/'0.68'!$T$2 -> 0.75405501
A14: 2 | B14: -0.0177937 | C14: 81585.9 | H14: =(B14-$E$2)/$F$2 -> 0.14230161 | I14: =(Equation_Sheet!$B$2-'0.68'!C14)/'0.68'!$T$2 -> 0.69407168
A15: 2 | B15: -0.0127049 | C15: 81716.5 | H15: =(B15-$E$2)/$F$2 -> 0.1731303 | I15: =(Equation_Sheet!$B$2-'0.68'!C15)/'0.68'!$T$2 -> 0.68947949
... A80: 1 | B80: 0.122784 | C80: 133272 | H80: =(B80-$E$2)/$F$2 -> 0.99394185 | I80: =(Equation_Sheet!$B$2-'0.68'!C80)/'0.68'!$T$2 -> -1.1233292

Sheet 0.8
B1: Points_1 | C1: Pressure | R1: r | S1: v | T1: q
A2: 2 | B2: -0.0411845 | C2: 130727 | E2: =MIN(B:B) -> -0.041283 | F2: =E3-E2 -> 0.165067 | H2: =(B2-$E$2)/$F$2 -> 0.00059672739 | I2: =(Equation_Sheet!$B$2-'0.8'!C2)/'0.8'!$T$2 -> -0.775901 | R2: 0.95 | S2: =R2*Equation_Sheet!$D$2 -> 248.70942 | T2: =(Equation_Sheet!$E$2*'0.8'!S2^2)/2 -> 37894.01
A3: 2 | B3: -0.0409106 | C3: 133321 | E3: =MAX(B:B) -> 0.123784 | H3: =(B3-$E$2)/$F$2 -> 0.0022560536 | I3: =(Equation_Sheet!$B$2-'0.8'!C3)/'0.8'!$T$2 -> -0.84435509
A4: 2 | B4: -0.0404312 | C4: 115476 | H4: =(B4-$E$2)/$F$2 -> 0.0051603288 | I4: =(Equation_Sheet!$B$2-'0.8'!C4)/'0.8'!$T$2 -> -0.37343633
A5: 2 | B5: -0.039751 | C5: 105057 | H5: =(B5-$E$2)/$F$2 -> 0.0092810798 | I5: =(Equation_Sheet!$B$2-'0.8'!C5)/'0.8'!$T$2 -> -0.098485224
A6: 2 | B6: -0.0388198 | C6: 94724.5 | H6: =(B6-$E$2)/$F$2 -> 0.014922425 | I6: =(Equation_Sheet!$B$2-'0.8'!C6)/'0.8'!$T$2 -> 0.1741832
A7: 2 | B7: -0.0376124 | C7: 87348.7 | H7: =(B7-$E$2)/$F$2 -> 0.022237031 | I7: =(Equation_Sheet!$B$2-'0.8'!C7)/'0.8'!$T$2 -> 0.36882611
A8: 2 | B8: -0.0360961 | C8: 81933.9 | H8: =(B8-$E$2)/$F$2 -> 0.031422998 | I8: =(Equation_Sheet!$B$2-'0.8'!C8)/'0.8'!$T$2 -> 0.5117194
A9: 2 | B9: -0.0342298 | C9: 76600.5 | H9: =(B9-$E$2)/$F$2 -> 0.042729316 | I9: =(Equation_Sheet!$B$2-'0.8'!C9)/'0.8'!$T$2 -> 0.65246461
A10: 2 | B10: -0.0319647 | C10: 70381.3 | H10: =(B10-$E$2)/$F$2 -> 0.056451623 | I10: =(Equation_Sheet!$B$2-'0.8'!C10)/'0.8'!$T$2 -> 0.81658553
A11: 2 | B11: -0.0292461 | C11: 70459.2 | H11: =(B11-$E$2)/$F$2 -> 0.072921299 | I11: =(Equation_Sheet!$B$2-'0.8'!C11)/'0.8'!$T$2 -> 0.8145298
A12: 2 | B12: -0.026016 | C12: 69769.2 | H12: =(B12-$E$2)/$F$2 -> 0.092489716 | I12: =(Equation_Sheet!$B$2-'0.8'!C12)/'0.8'!$T$2 -> 0.83273848
A13: 2 | B13: -0.0222164 | C13: 69773.2 | H13: =(B13-$E$2)/$F$2 -> 0.11550825 | I13: =(Equation_Sheet!$B$2-'0.8'!C13)/'0.8'!$T$2 -> 0.83263293
A14: 2 | B14: -0.0177937 | C14: 71226.9 | H14: =(B14-$E$2)/$F$2 -> 0.14230161 | I14: =(Equation_Sheet!$B$2-'0.8'!C14)/'0.8'!$T$2 -> 0.79427066
A15: 2 | B15: -0.0127049 | C15: 71819.7 | H15: =(B15-$E$2)/$F$2 -> 0.1731303 | I15: =(Equation_Sheet!$B$2-'0.8'!C15)/'0.8'!$T$2 -> 0.77862703
... A80: 1 | B80: 0.122784 | C80: 140436 | H80: =(B80-$E$2)/$F$2 -> 0.99394185 | I80: =(Equation_Sheet!$B$2-'0.8'!C80)/'0.8'!$T$2 -> -1.0321156

Sheet 0.89
B1: Points_1 | C1: Pressure | R1: r | S1: v | T1: q
A2: 1 | B2: -0.041283 | C2: 129790 | E2: =MIN(B:B) -> -0.041283 | F2: =E3-E2 -> 0.165067 | H2: =(B2-$E$2)/$F$2 -> 0 | I2: =(Equation_Sheet!$B$2-'0.8'!C2)/'0.89'!$T$2 -> -0.64742109 | R2: 1.04 | S2: =R2*Equation_Sheet!$D$2 -> 272.27136 | T2: =(Equation_Sheet!$E$2*'0.89'!S2^2)/2 -> 45414.028
A3: 1 | B3: -0.0412612 | C3: 134375 | E3: =MAX(B:B) -> 0.123784 | H3: =(B3-$E$2)/$F$2 -> 0.00013206758 | I3: =(Equation_Sheet!$B$2-'0.8'!C3)/'0.89'!$T$2 -> -0.70454001
A4: 1 | B4: -0.0411447 | C4: 126019 | H4: =(B4-$E$2)/$F$2 -> 0.0008378416 | I4: =(Equation_Sheet!$B$2-'0.8'!C4)/'0.89'!$T$2 -> -0.31159975
A5: 1 | B5: -0.0408845 | C5: 130247 | H5: =(B5-$E$2)/$F$2 -> 0.0024141712 | I5: =(Equation_Sheet!$B$2-'0.8'!C5)/'0.89'!$T$2 -> -0.082177251
A6: 1 | B6: -0.0404199 | C6: 132515 | H6: =(B6-$E$2)/$F$2 -> 0.0052287859 | I6: =(Equation_Sheet!$B$2-'0.8'!C6)/'0.89'!$T$2 -> 0.14534055
A7: 1 | B7: -0.0396835 | C7: 126806 | H7: =(B7-$E$2)/$F$2 -> 0.0096900047 | I7: =(Equation_Sheet!$B$2-'0.8'!C7)/'0.89'!$T$2 -> 0.30775292
A8: 1 | B8: -0.0386735 | C8: 119212 | H8: =(B8-$E$2)/$F$2 -> 0.015808732 | I8: =(Equation_Sheet!$B$2-'0.8'!C8)/'0.89'!$T$2 -> 0.4269848
A9: 1 | B9: -0.0373563 | C9: 113474 | H9: =(B9-$E$2)/$F$2 -> 0.023788522 | I9: =(Equation_Sheet!$B$2-'0.8'!C9)/'0.89'!$T$2 -> 0.54442429
A10: 1 | B10: -0.0356896 | C10: 102143 | H10: =(B10-$E$2)/$F$2 -> 0.033885634 | I10: =(Equation_Sheet!$B$2-'0.8'!C10)/'0.89'!$T$2 -> 0.68136875
A11: 1 | B11: -0.0336234 | C11: 102484 | H11: =(B11-$E$2)/$F$2 -> 0.046402976 | I11: =(Equation_Sheet!$B$2-'0.8'!C11)/'0.89'!$T$2 -> 0.67965342
A12: 1 | B12: -0.0311008 | C12: 95926.5 | H12: =(B12-$E$2)/$F$2 -> 0.061685255 | I12: =(Equation_Sheet!$B$2-'0.8'!C12)/'0.89'!$T$2 -> 0.69484697
A13: 1 | B13: -0.0280606 | C13: 95665.4 | H13: =(B13-$E$2)/$F$2 -> 0.080103231 | I13: =(Equation_Sheet!$B$2-'0.8'!C13)/'0.89'!$T$2 -> 0.69475889
A14: 1 | B14: -0.0244406 | C14: 91101.4 | H14: =(B14-$E$2)/$F$2 -> 0.10203372 | I14: =(Equation_Sheet!$B$2-'0.8'!C14)/'0.89'!$T$2 -> 0.66274896
A15: 1 | B15: -0.0201819 | C15: 89886.7 | H15: =(B15-$E$2)/$F$2 -> 0.12783355 | I15: =(Equation_Sheet!$B$2-'0.8'!C15)/'0.89'!$T$2 -> 0.64969572
... A80: 2 | B80: 0.123784 | C80: 100246 | H80: =(B80-$E$2)/$F$2 -> 1 | I80: =(Equation_Sheet!$B$2-'0.8'!C80)/'0.89'!$T$2 -> -0.86120966

Sheet 0.96
B1: Points_1 | C1: Pressure | R1: r | S1: v | T1: q
A2: 1 | B2: -0.041283 | C2: 138082 | E2: =MIN(B:B) -> -0.041283 | F2: =E3-E2 -> 0.165067 | H2: =(B2-$E$2)/$F$2 -> 0 | I2: =(Equation_Sheet!$B$2-'0.8'!C2)/'0.96'!$T$2 -> -0.57871955 | R2: =0.96+0.14 -> 1.1 | S2: =R2*Equation_Sheet!$D$2 -> 287.97933 | T2: =(Equation_Sheet!$E$2*'0.96'!S2^2)/2 -> 50805.265
A3: 1 | B3: -0.0412612 | C3: 143091 | E3: =MAX(B:B) -> 0.123784 | H3: =(B3-$E$2)/$F$2 -> 0.00013206758 | I3: =(Equation_Sheet!$B$2-'0.8'!C3)/'0.96'!$T$2 -> -0.62977725
A4: 1 | B4: -0.0411447 | C4: 136533 | H4: =(B4-$E$2)/$F$2 -> 0.0008378416 | I4: =(Equation_Sheet!$B$2-'0.8'!C4)/'0.96'!$T$2 -> -0.27853413
A5: 1 | B5: -0.0408845 | C5: 126449 | H5: =(B5-$E$2)/$F$2 -> 0.0024141712 | I5: =(Equation_Sheet!$B$2-'0.8'!C5)/'0.96'!$T$2 -> -0.073456954
A6: 1 | B6: -0.0404199 | C6: 129086 | H6: =(B6-$E$2)/$F$2 -> 0.0052287859 | I6: =(Equation_Sheet!$B$2-'0.8'!C6)/'0.96'!$T$2 -> 0.12991764
A7: 1 | B7: -0.0396835 | C7: 130960 | H7: =(B7-$E$2)/$F$2 -> 0.0096900047 | I7: =(Equation_Sheet!$B$2-'0.8'!C7)/'0.96'!$T$2 -> 0.27509551
A8: 1 | B8: -0.0386735 | C8: 121205 | H8: =(B8-$E$2)/$F$2 -> 0.015808732 | I8: =(Equation_Sheet!$B$2-'0.8'!C8)/'0.96'!$T$2 -> 0.38167501
A9: 1 | B9: -0.0373563 | C9: 116641 | H9: =(B9-$E$2)/$F$2 -> 0.023788522 | I9: =(Equation_Sheet!$B$2-'0.8'!C9)/'0.96'!$T$2 -> 0.48665232
A10: 1 | B10: -0.0356896 | C10: 106433 | H10: =(B10-$E$2)/$F$2 -> 0.033885634 | I10: =(Equation_Sheet!$B$2-'0.8'!C10)/'0.96'!$T$2 -> 0.60906483
A11: 1 | B11: -0.0336234 | C11: 101677 | H11: =(B11-$E$2)/$F$2 -> 0.046402976 | I11: =(Equation_Sheet!$B$2-'0.8'!C11)/'0.96'!$T$2 -> 0.60753152
A12: 1 | B12: -0.0311008 | C12: 94603.5 | H12: =(B12-$E$2)/$F$2 -> 0.061685255 | I12: =(Equation_Sheet!$B$2-'0.8'!C12)/'0.96'!$T$2 -> 0.62111279
A13: 1 | B13: -0.0280606 | C13: 93426 | H13: =(B13-$E$2)/$F$2 -> 0.080103231 | I13: =(Equation_Sheet!$B$2-'0.8'!C13)/'0.96'!$T$2 -> 0.62103406
A14: 1 | B14: -0.0244406 | C14: 89961.8 | H14: =(B14-$E$2)/$F$2 -> 0.10203372 | I14: =(Equation_Sheet!$B$2-'0.8'!C14)/'0.96'!$T$2 -> 0.59242089
A15: 1 | B15: -0.0201819 | C15: 87131.9 | H15: =(B15-$E$2)/$F$2 -> 0.12783355 | I15: =(Equation_Sheet!$B$2-'0.8'!C15)/'0.96'!$T$2 -> 0.5807528
... A40: 1 | B40: 0.122784 | C40: 152208 | H40: =(B40-$E$2)/$F$2 -> 0.99394185 | I40: =(Equation_Sheet!$B$2-'0.8'!C40)/'0.96'!$T$2 -> 0.025174556
A42: 2 | B42: -0.0411845 | C42: 144649 | H42: =(B43-$E$2)/$F$2 -> 0.0022560536 | I42: =(Equation_Sheet!$B$2-'0.8'!C42)/'0.96'!$T$2 -> -0.68713351
A43: 2 | B43: -0.0409106 | C43: 144299 | H43: =(B44-$E$2)/$F$2 -> 0.0051603288 | I43: =(Equation_Sheet!$B$2-'0.8'!C43)/'0.96'!$T$2 -> -0.45534651
A44: 2 | B44: -0.0404312 | C44: 126238 | H44: =(B45-$E$2)/$F$2 -> 0.0092810798 | I44: =(Equation_Sheet!$B$2-'0.8'!C44)/'0.96'!$T$2 -> -0.5159111
A45: 2 | B45: -0.039751 | C45: 103128 | H45: =(B46-$E$2)/$F$2 -> 0.014922425 | I45: =(Equation_Sheet!$B$2-'0.8'!C45)/'0.96'!$T$2 -> -0.36742255
A46: 2 | B46: -0.0388198 | C46: 100547 | H46: =(B47-$E$2)/$F$2 -> 0.022237031 | I46: =(Equation_Sheet!$B$2-'0.8'!C46)/'0.96'!$T$2 -> -0.45392933
A47: 2 | B47: -0.0376124 | C47: 82980.4 | H47: =(B48-$E$2)/$F$2 -> 0.031422998 | I47: =(Equation_Sheet!$B$2-'0.8'!C47)/'0.96'!$T$2 -> -0.3754729
A48: 2 | B48: -0.0360961 | C48: 74246 | H48: =(B49-$E$2)/$F$2 -> 0.042729316 | I48: =(Equation_Sheet!$B$2-'0.8'!C48)/'0.96'!$T$2 -> -0.2329483
A49: 2 | B49: -0.0342298 | C49: 70436.5 | H49: =(B50-$E$2)/$F$2 -> 0.056451623 | I49: =(Equation_Sheet!$B$2-'0.8'!C49)/'0.96'!$T$2 -> -0.10187921
A50: 2 | B50: -0.0319647 | C50: 67849.2 | H50: =(B51-$E$2)/$F$2 -> 0.072921299 | I50: =(Equation_Sheet!$B$2-'0.8'!C50)/'0.96'!$T$2 -> -0.029307986
A51: 2 | B51: -0.0292461 | C51: 64923.5 | H51: =(B52-$E$2)/$F$2 -> 0.092489716 | I51: =(Equation_Sheet!$B$2-'0.8'!C51)/'0.96'!$T$2 -> 0.053598776
A52: 2 | B52: -0.026016 | C52: 61097.6 | H52: =(B53-$E$2)/$F$2 -> 0.11550825 | I52: =(Equation_Sheet!$B$2-'0.8'!C52)/'0.96'!$T$2 -> 0.11633834
A53: 2 | B53: -0.0222164 | C53: 60007.8 | H53: =(B54-$E$2)/$F$2 -> 0.14230161 | I53: =(Equation_Sheet!$B$2-'0.8'!C53)/'0.96'!$T$2 -> 0.17296239
... A79: 2 | B79: 0.122822 | C79: 144518 | H79: =(B80-$E$2)/$F$2 -> 1 | I79: =(Equation_Sheet!$B$2-'0.8'!C79)/'0.96'!$T$2 -> -0.45001242
A80: 2 | B80: 0.123784 | C80: 101204

Sheet Equation_Sheet
A1: Caradonna_Radius | B1: Pressure [free_steam) | C1: Temp [free_stream] | D1: omega | E1: rho
A2: 1.143 | B2: 101325 | C2: 288.15 | D2: =(2500*2*PI())/60 -> 261.79939 | E2: =B2/(287*C2) -> 1.2252257

Sheet NASA_Exp.data
A3: Upper | B3: x/c | C3: r/R=0.5 | D3: x/c | E3: r/R=0.68 | F3: x/c | G3: r/R=0.8 | H3: x/c | I3: r/R=0.89 | J3: x/c | K3: r/R=0.96
B4: 0 | C4: 0.9138 | D4: 0.02 | E4: 0.9416 | F4: 0 | G4: -0.1853 | H4: 0.01 | I4: 0.4445 | J4: 0 | K4: -1.092
B5: 0.03 | C5: 0.8691 | D5: 0.06 | E5: 0.9398 | F5: 0.03 | G5: 0.4832 | H5: 0.04 | I5: 0.8535 | J5: 0.02 | K5: 0.4994
B6: 0.12 | C6: 0.7134 | D6: 0.1 | E6: 0.9108 | F6: 0.04 | G6: 1.153 | H6: 0.08 | I6: 0.9171 | J6: 0.07 | K6: 0.8911
B7: 0.2 | C7: 0.5317 | D7: 0.15 | E7: 0.8725 | F7: 0.07 | G7: 1.195 | H7: 0.1 | I7: 0.9235 | J7: 0.09 | K7: 0.9772
B8: 0.47 | C8: 0.3517 | D8: 0.19 | E8: 0.7254 | F8: 0.13 | G8: 1.156 | H8: 0.13 | I8: 1.046 | J8: 0.15 | K8: 1.062
B9: 0.69 | C9: 0.2055 | D9: 0.23 | E9: 0.6488 | F9: 0.17 | G9: 1.17 | H9: 0.17 | I9: 1.116 | J9: 0.19 | K9: 1.028
B10: 0.83 | C10: 0.08736 | D10: 0.29 | E10: 0.5834 | F10: 0.21 | G10: 1.061 | H10: 0.21 | I10: 1.208 | J10: 0.27 | K10: 1.082
D11: 0.33 | E11: 0.5307 | F11: 0.26 | G11: 0.7839 | H11: 0.29 | I11: 0.9472 | J11: 0.33 | K11: 0.6606
D12: 0.34 | E12: 0.4183 | F12: 0.3 | G12: 0.7393 | H12: 0.3 | I12: 1.127 | J12: 0.39 | K12: 0.2237
D13: 0.44 | E13: 0.3937 | F13: 0.35 | G13: 0.4928 | H13: 0.34 | I13: 1.035 | J13: 0.44 | K13: 0.1947
D14: 0.52 | E14: 0.3235 | F14: 0.4 | G14: 0.3202 | H14: 0.4 | I14: 0.5771 | J14: 0.49 | K14: 0.1394
D15: 0.61 | E15: 0.2215 | F15: 0.5 | G15: 0.2584 | H15: 0.44 | I15: 0.3754 | J15: 0.51 | K15: 0.1174
D16: 0.73 | E16: 0.1338 | F16: 0.56 | G16: 0.1748 | H16: 0.47 | I16: 0.2111 | J16: 0.61 | K16: 0.6527
D17: 0.8 | E17: 0.0653 | F17: 0.65 | G17: 0.1276 | H17: 0.5 | I17: 0.1375 | J17: 0.76 | K17: 0.6527
F18: 0.74 | G18: -0.08021 | H18: 0.53 | I18: 0.0998 | J18: 0.9 | K18: -0.06074
F19: 0.9 | G19: -0.08021 | H19: 0.65 | I19: -0.05006
H20: 0.8 | I20: -0.006794
H21: 0.87 | I21: -0.07194
A23: Lower
B24: 0.04 | C24: -0.05606 | D24: 0 | E24: -0.9269 | F24: 0.01 | G24: -0.5175 | H24: 0.01 | I24: -0.7027 | J24: 0 | K24: -1.114
B25: 0.2 | C25: -0.2758 | D25: 0.07 | E25: -0.02059 | F25: 0.02 | G25: -0.3691 | H25: 0.04 | I25: -0.2745 | J25: 0.07 | K25: -0.08774
B26: 0.28 | C26: -0.2195 | D26: 0.18 | E26: 0.2532 | F26: 0.14 | G26: 0.1601 | H26: 0.14 | I26: 0.1886 | J26: 0.16 | K26: 0.2487
B27: 0.46 | C27: -0.09861 | D27: 0.28 | E27: 0.2804 | F27: 0.21 | G27: 0.2534 | H27: 0.28 | I27: 0.3035 | J27: 0.33 | K27: 0.3238
B28: 0.85 | C28: -0.03674 | D28: 0.38 | E28: 0.2335 | F28: 0.34 | G28: 0.3302 | H28: 0.33 | I28: 0.2514 | J28: 0.39 | K28: 0.2558
D29: 0.51 | E29: 0.1467 | F29: 0.37 | G29: 0.2862 | H29: 0.51 | I29: 0.1758 | J29: 0.43 | K29: 0.1758
D30: 0.79 | E30: 0.02036 | F30: 0.47 | G30: 0.1534 | H30: 0.69 | I30: -0.2193 | J30: 0.74 | K30: 0.0644
F31: 0.74 | G31: 0.06557 | H31: 0.9 | I31: -0.07312 | J31: 0.85 | K31: 0.01127
F32: 0.99 | G32: -0.06445
