Workbook

Sheet Total

Sheet 0.5
B1: Points_1 | C1: Pressure | D1: P-P_inf | T1: r | U1: v | V1: q | Y1: Pressure_Coefficient
A2: 2 | B2: 0.122784 | C2: 122597 | D2: =C2-Equation_Sheet!$B$2 -> 21272 | E2: =MIN(B:B) -> -0.041283 | F2: =E3-E2 -> 0.165067 | H2: =(B2-$E$2)/$F$2 -> 0.99394185 | I2: =D2/$V$2 -> 1.1991079 | T2: =0.5+0.15 -> 0.65 | U2: =T2*Equation_Sheet!$D$2 -> 170.1696 | V2: =(Equation_Sheet!$E$2*'0.5'!U2^2)/2 -> 17739.855 | Y2: 0.389938
A3: 2 | B3: 0.121572 | C3: 114527 | D3: =C3-Equation_Sheet!$B$2 -> 13202 | E3: =MAX(B:B) -> 0.123784 | H3: =(B3-$E$2)/$F$2 -> 0.98659938 | I3: =D3/$V$2 -> 0.7442 | Y3: -0.0279793
A4: 2 | B4: 0.120108 | C4: 103040 | D4: =C4-Equation_Sheet!$B$2 -> 1715 | H4: =(B4-$E$2)/$F$2 -> 0.97773025 | I4: =D4/$V$2 -> 0.096674974 | Y4: 0.242012
A5: 2 | B5: 0.118344 | C5: 110365 | D5: =C5-Equation_Sheet!$B$2 -> 9040 | H5: =(B5-$E$2)/$F$2 -> 0.96704369 | I5: =D5/$V$2 -> 0.50958703 | Y5: 0.0314435
A6: 2 | B6: 0.11623 | C6: 104171 | D6: =C6-Equation_Sheet!$B$2 -> 2846 | H6: =(B6-$E$2)/$F$2 -> 0.95423676 | I6: =D6/$V$2 -> 0.16042972 | Y6: 0.165705
A7: 2 | B7: 0.113707 | C7: 103119 | D7: =C7-Equation_Sheet!$B$2 -> 1794 | H7: =(B7-$E$2)/$F$2 -> 0.93895206 | I7: =D7/$V$2 -> 0.10112822 | Y7: 0.0521755
A8: 2 | B8: 0.110713 | C8: 103939 | D8: =C8-Equation_Sheet!$B$2 -> 2614 | H8: =(B8-$E$2)/$F$2 -> 0.92081397 | I8: =D8/$V$2 -> 0.14735183 | Y8: 0.0328944
A9: 2 | B9: 0.107186 | C9: 101858 | D9: =C9-Equation_Sheet!$B$2 -> 533 | H9: =(B9-$E$2)/$F$2 -> 0.89944689 | I9: =D9/$V$2 -> 0.030045342 | Y9: 0.0479243
A10: 2 | B10: 0.103065 | C10: 102535 | D10: =C10-Equation_Sheet!$B$2 -> 1210 | H10: =(B10-$E$2)/$F$2 -> 0.87448127 | I10: =D10/$V$2 -> 0.068207999 | Y10: 0.00976559
A11: 2 | B11: 0.0982966 | C11: 101923 | D11: =C11-Equation_Sheet!$B$2 -> 598 | H11: =(B11-$E$2)/$F$2 -> 0.84559361 | I11: =D11/$V$2 -> 0.033709408 | Y11: 0.00745658
A12: 2 | B12: 0.0928386 | C12: 101084 | D12: =C12-Equation_Sheet!$B$2 -> -241 | H12: =(B12-$E$2)/$F$2 -> 0.81252825 | I12: =D12/$V$2 -> -0.01358523 | Y12: 0.00986657
A13: 2 | B13: 0.0866709 | C13: 101060 | D13: =C13-Equation_Sheet!$B$2 -> -265 | H13: =(B13-$E$2)/$F$2 -> 0.77516342 | I13: =D13/$V$2 -> -0.014938115 | Y13: 0.0445675
A14: 2 | B14: 0.0798004 | C14: 100327 | D14: =C14-Equation_Sheet!$B$2 -> -998 | H14: =(B14-$E$2)/$F$2 -> 0.73354093 | I14: =D14/$V$2 -> -0.056257506 | Y14: -0.0815147
A15: 2 | B15: 0.0722684 | C15: 99893.9 | D15: =C15-Equation_Sheet!$B$2 -> -1431.1 | H15: =(B15-$E$2)/$F$2 -> 0.68791097 | I15: =D15/$V$2 -> -0.08067146 | Y15: -0.0871524
... A40: 2 | B40: -0.041283 | C40: 108952 | D40: =C40-Equation_Sheet!$B$2 -> 7627 | H40: =(B40-$E$2)/$F$2 -> 0 | I40: =D40/$V$2 -> 0.42993587 | Y40: 0.24597
Y41: -0.234359
A42: 1 | B42: 0.123784 | C42: 99798.7 | D42: =C42-Equation_Sheet!$B$2 -> -1526.3 | H42: =(B42-$E$2)/$F$2 -> 1 | I42: =D42/$V$2 -> -0.086037908 | Y42: -0.174157
A43: 1 | B43: 0.122822 | C43: 120487 | D43: =C43-Equation_Sheet!$B$2 -> 19162 | H43: =(B43-$E$2)/$F$2 -> 0.99417206 | I43: =D43/$V$2 -> 1.0801667 | Y43: -0.244758
A44: 1 | B44: 0.121658 | C44: 114743 | D44: =C44-Equation_Sheet!$B$2 -> 13418 | H44: =(B44-$E$2)/$F$2 -> 0.98712038 | I44: =D44/$V$2 -> 0.75637597 | Y44: -0.252761
A45: 1 | B45: 0.120249 | C45: 102133 | D45: =C45-Equation_Sheet!$B$2 -> 808 | H45: =(B45-$E$2)/$F$2 -> 0.97858445 | I45: =D45/$V$2 -> 0.04554716 | Y45: -0.238106
A46: 1 | B46: 0.118553 | C46: 109905 | D46: =C46-Equation_Sheet!$B$2 -> 8580 | H46: =(B46-$E$2)/$F$2 -> 0.96830984 | I46: =D46/$V$2 -> 0.48365672 | Y46: 0.0407657
A47: 1 | B47: 0.116517 | C47: 103261 | D47: =C47-Equation_Sheet!$B$2 -> 1936 | H47: =(B47-$E$2)/$F$2 -> 0.95597545 | I47: =D47/$V$2 -> 0.1091328 | Y47: 0.0998269
A48: 1 | B48: 0.114087 | C48: 104097 | D48: =C48-Equation_Sheet!$B$2 -> 2772 | H48: =(B48-$E$2)/$F$2 -> 0.94125416 | I48: =D48/$V$2 -> 0.15625832 | Y48: -0.008317
A49: 1 | B49: 0.111201 | C49: 103756 | D49: =C49-Equation_Sheet!$B$2 -> 2431 | H49: =(B49-$E$2)/$F$2 -> 0.92377035 | I49: =D49/$V$2 -> 0.13703607 | Y49: -0.0233998
A50: 1 | B50: 0.107798 | C50: 101732 | D50: =C50-Equation_Sheet!$B$2 -> 407 | H50: =(B50-$E$2)/$F$2 -> 0.90315448 | I50: =D50/$V$2 -> 0.022942691 | Y50: -0.143322
A51: 1 | B51: 0.103819 | C51: 101863 | D51: =C51-Equation_Sheet!$B$2 -> 538 | H51: =(B51-$E$2)/$F$2 -> 0.87904911 | I51: =D51/$V$2 -> 0.030327193 | Y51: -0.212888
A52: 1 | B52: 0.0992083 | C52: 100689 | D52: =C52-Equation_Sheet!$B$2 -> -636 | H52: =(B52-$E$2)/$F$2 -> 0.85111682 | I52: =D52/$V$2 -> -0.035851477 | Y52: -0.219883
A53: 1 | B53: 0.0939256 | C53: 100243 | D53: =C53-Equation_Sheet!$B$2 -> -1082 | H53: =(B53-$E$2)/$F$2 -> 0.81911345 | I53: =D53/$V$2 -> -0.060992607 | Y53: -0.0682724
... A79: 1 | B79: -0.0409106 | C79: 110059 | D79: =C79-Equation_Sheet!$B$2 -> 8734 | H79: =(B79-$E$2)/$F$2 -> 0.0022560536 | I79: =D79/$V$2 -> 0.49233774 | Y79: -0.0116609
A80: 1 | B80: -0.0411845 | C80: 118050 | D80: =C80-Equation_Sheet!$B$2 -> 16725 | H80: =(B80-$E$2)/$F$2 -> 0.00059672739 | I80: =D80/$V$2 -> 0.94279238

Sheet 0.68
B1: Points_1 | C1: Pressure | R1: r | S1: v | T1: q | Y1: Pressure_Coefficient
A2: 2 | B2: -0.0411845 | C2: 125331 | D2: =C2-Equation_Sheet!$B$2 -> 24006 | E2: =MIN(B:B) -> -0.041283 | F2: =E3-E2 -> 0.165067 | H2: =(B2-$E$2)/$F$2 -> 0.00059672739 | I2: =D2/$T$2 -> 0.8441056 | R2: =0.143+0.68 -> 0.823 | S2: =R2*Equation_Sheet!$D$2 -> 215.4609 | T2: =(Equation_Sheet!$E$2*'0.68'!S2^2)/2 -> 28439.57 | Y2: 0.402082
A3: 2 | B3: -0.0409106 | C3: 123351 | D3: =C3-Equation_Sheet!$B$2 -> 22026 | E3: =MAX(B:B) -> 0.123784 | H3: =(B3-$E$2)/$F$2 -> 0.0022560536 | I3: =D3/$T$2 -> 0.77448429 | Y3: 0.401711
A4: 2 | B4: -0.0404312 | C4: 106260 | D4: =C4-Equation_Sheet!$B$2 -> 4935 | H4: =(B4-$E$2)/$F$2 -> 0.0051603288 | I4: =D4/$T$2 -> 0.17352583 | Y4: 0.297498
A5: 2 | B5: -0.039751 | C5: 104344 | D5: =C5-Equation_Sheet!$B$2 -> 3019 | H5: =(B5-$E$2)/$F$2 -> 0.0092810798 | I5: =D5/$T$2 -> 0.10615491 | Y5: 0.585621
A6: 2 | B6: -0.0388198 | C6: 96693.8 | D6: =C6-Equation_Sheet!$B$2 -> -4631.2 | H6: =(B6-$E$2)/$F$2 -> 0.014922425 | I6: =D6/$T$2 -> -0.16284353 | Y6: -0.0561394
A7: 2 | B7: -0.0376124 | C7: 87101.5 | D7: =C7-Equation_Sheet!$B$2 -> -14223.5 | H7: =(B7-$E$2)/$F$2 -> 0.022237031 | I7: =D7/$T$2 -> -0.50013063 | Y7: 0.291574
A8: 2 | B8: -0.0360961 | C8: 83278 | D8: =C8-Equation_Sheet!$B$2 -> -18047 | H8: =(B8-$E$2)/$F$2 -> 0.031422998 | I8: =D8/$T$2 -> -0.6345736 | Y8: 0.113705
A9: 2 | B9: -0.0342298 | C9: 82009.5 | D9: =C9-Equation_Sheet!$B$2 -> -19315.5 | H9: =(B9-$E$2)/$F$2 -> 0.042729316 | I9: =D9/$T$2 -> -0.67917694 | Y9: 0.248933
A10: 2 | B10: -0.0319647 | C10: 79750.8 | D10: =C10-Equation_Sheet!$B$2 -> -21574.2 | H10: =(B10-$E$2)/$F$2 -> 0.056451623 | I10: =D10/$T$2 -> -0.75859798 | Y10: 0.0719234
A11: 2 | B11: -0.0292461 | C11: 79836.2 | D11: =C11-Equation_Sheet!$B$2 -> -21488.8 | H11: =(B11-$E$2)/$F$2 -> 0.072921299 | I11: =D11/$T$2 -> -0.75559512 | Y11: 0.0900534
A12: 2 | B12: -0.026016 | C12: 79770.5 | D12: =C12-Equation_Sheet!$B$2 -> -21554.5 | H12: =(B12-$E$2)/$F$2 -> 0.092489716 | I12: =D12/$T$2 -> -0.75790528 | Y12: 0.0775597
A13: 2 | B13: -0.0222164 | C13: 79880 | D13: =C13-Equation_Sheet!$B$2 -> -21445 | H13: =(B13-$E$2)/$F$2 -> 0.11550825 | I13: =D13/$T$2 -> -0.75405501 | Y13: 0.0357271
A14: 2 | B14: -0.0177937 | C14: 81585.9 | D14: =C14-Equation_Sheet!$B$2 -> -19739.1 | H14: =(B14-$E$2)/$F$2 -> 0.14230161 | I14: =D14/$T$2 -> -0.69407168 | Y14: 0.0321985
A15: 2 | B15: -0.0127049 | C15: 81716.5 | D15: =C15-Equation_Sheet!$B$2 -> -19608.5 | H15: =(B15-$E$2)/$F$2 -> 0.1731303 | I15: =D15/$T$2 -> -0.68947949 | Y15: 0.011745
... A40: 2 | B40: 0.123784 | C40: 98262.5 | D40: =C40-Equation_Sheet!$B$2 -> -3062.5 | H40: =(B40-$E$2)/$F$2 -> 1 | I40: =D40/$T$2 -> -0.10768447 | Y40: -0.361838
Y41: -0.329123
A42: 1 | B42: -0.041283 | C42: 123239 | D42: =C42-Equation_Sheet!$B$2 -> 21914 | H42: =(B42-$E$2)/$F$2 -> 0 | I42: =D42/$T$2 -> 0.77054612 | Y42: 0.0904666
A43: 1 | B43: -0.0412612 | C43: 123260 | D43: =C43-Equation_Sheet!$B$2 -> 21935 | H43: =(B43-$E$2)/$F$2 -> 0.00013206758 | I43: =D43/$T$2 -> 0.77128453 | Y43: 0.320057
A44: 1 | B44: -0.0411447 | C44: 117554 | D44: =C44-Equation_Sheet!$B$2 -> 16229 | H44: =(B44-$E$2)/$F$2 -> 0.0008378416 | I44: =D44/$T$2 -> 0.57064858 | Y44: 0.055335
A45: 1 | B45: -0.0408845 | C45: 118785 | D45: =C45-Equation_Sheet!$B$2 -> 17460 | H45: =(B45-$E$2)/$F$2 -> 0.0024141712 | I45: =D45/$T$2 -> 0.61393334 | Y45: -0.0848944
A46: 1 | B46: -0.0404199 | C46: 120432 | D46: =C46-Equation_Sheet!$B$2 -> 19107 | H46: =(B46-$E$2)/$F$2 -> 0.0052287859 | I46: =D46/$T$2 -> 0.67184561 | Y46: -0.26073
A47: 1 | B47: -0.0396835 | C47: 110943 | D47: =C47-Equation_Sheet!$B$2 -> 9618 | H47: =(B47-$E$2)/$F$2 -> 0.0096900047 | I47: =D47/$T$2 -> 0.33819077 | Y47: 0.11164
A48: 1 | B48: -0.0386735 | C48: 110205 | D48: =C48-Equation_Sheet!$B$2 -> 8880 | H48: =(B48-$E$2)/$F$2 -> 0.015808732 | I48: =D48/$T$2 -> 0.31224101 | Y48: -0.309668
A49: 1 | B49: -0.0373563 | C49: 103973 | D49: =C49-Equation_Sheet!$B$2 -> 2648 | H49: =(B49-$E$2)/$F$2 -> 0.023788522 | I49: =D49/$T$2 -> 0.093109707 | Y49: -0.283711
A50: 1 | B50: -0.0356896 | C50: 101063 | D50: =C50-Equation_Sheet!$B$2 -> -262 | H50: =(B50-$E$2)/$F$2 -> 0.033885634 | I50: =D50/$T$2 -> -0.0092125163 | Y50: -0.257502
A51: 1 | B51: -0.0336234 | C51: 97593.4 | D51: =C51-Equation_Sheet!$B$2 -> -3731.6 | H51: =(B51-$E$2)/$F$2 -> 0.046402976 | I51: =D51/$T$2 -> -0.13121155 | Y51: -0.228059
A52: 1 | B52: -0.0311008 | C52: 96755.1 | D52: =C52-Equation_Sheet!$B$2 -> -4569.9 | H52: =(B52-$E$2)/$F$2 -> 0.061685255 | I52: =D52/$T$2 -> -0.16068809 | Y52: -0.200651
A53: 1 | B53: -0.0280606 | C53: 93913.3 | D53: =C53-Equation_Sheet!$B$2 -> -7411.7 | H53: =(B53-$E$2)/$F$2 -> 0.080103231 | I53: =D53/$T$2 -> -0.26061224 | Y53: -0.135482
... A79: 1 | B79: 0.121572 | C79: 117231 | D79: =C79-Equation_Sheet!$B$2 -> 15906 | H79: =(B79-$E$2)/$F$2 -> 0.98659938 | I79: =D79/$T$2 -> 0.55929116 | Y79: -0.033444
A80: 1 | B80: 0.122784 | C80: 133272 | D80: =C80-Equation_Sheet!$B$2 -> 31947 | H80: =(B80-$E$2)/$F$2 -> 0.99394185 | I80: =D80/$T$2 -> 1.1233292

Sheet 0.8
B1: Points_1 | C1: Pressure | R1: r | S1: v | T1: q | Y1: Pressure_Coefficient
A2: 2 | B2: -0.0411845 | C2: 130727 | D2: =C2-Equation_Sheet!$B$2 -> 29402 | E2: =MIN(B:B) -> -0.041283 | F2: =E3-E2 -> 0.165067 | H2: =(B2-$E$2)/$F$2 -> 0.00059672739 | I2: =D2/$T$2 -> 0.775901 | R2: 0.95 | S2: =R2*Equation_Sheet!$D$2 -> 248.70942 | T2: =(Equation_Sheet!$E$2*'0.8'!S2^2)/2 -> 37894.01 | Y2: 0.424065
A3: 2 | B3: -0.0409106 | C3: 133321 | D3: =C3-Equation_Sheet!$B$2 -> 31996 | E3: =MAX(B:B) -> 0.123784 | H3: =(B3-$E$2)/$F$2 -> 0.0022560536 | I3: =D3/$T$2 -> 0.84435509 | Y3: 0.639935
A4: 2 | B4: -0.0404312 | C4: 115476 | D4: =C4-Equation_Sheet!$B$2 -> 14151 | H4: =(B4-$E$2)/$F$2 -> 0.0051603288 | I4: =D4/$T$2 -> 0.37343633 | Y4: 0.480481
A5: 2 | B5: -0.039751 | C5: 105057 | D5: =C5-Equation_Sheet!$B$2 -> 3732 | H5: =(B5-$E$2)/$F$2 -> 0.0092810798 | I5: =D5/$T$2 -> 0.098485224 | Y5: 0.716942
A6: 2 | B6: -0.0388198 | C6: 94724.5 | D6: =C6-Equation_Sheet!$B$2 -> -6600.5 | H6: =(B6-$E$2)/$F$2 -> 0.014922425 | I6: =D6/$T$2 -> -0.1741832 | Y6: -0.0234422
A7: 2 | B7: -0.0376124 | C7: 87348.7 | D7: =C7-Equation_Sheet!$B$2 -> -13976.3 | H7: =(B7-$E$2)/$F$2 -> 0.022237031 | I7: =D7/$T$2 -> -0.36882611 | Y7: 0.419098
A8: 2 | B8: -0.0360961 | C8: 81933.9 | D8: =C8-Equation_Sheet!$B$2 -> -19391.1 | H8: =(B8-$E$2)/$F$2 -> 0.031422998 | I8: =D8/$T$2 -> -0.5117194 | Y8: 0.174463
A9: 2 | B9: -0.0342298 | C9: 76600.5 | D9: =C9-Equation_Sheet!$B$2 -> -24724.5 | H9: =(B9-$E$2)/$F$2 -> 0.042729316 | I9: =D9/$T$2 -> -0.65246461 | Y9: 0.320079
A10: 2 | B10: -0.0319647 | C10: 70381.3 | D10: =C10-Equation_Sheet!$B$2 -> -30943.7 | H10: =(B10-$E$2)/$F$2 -> 0.056451623 | I10: =D10/$T$2 -> -0.81658553 | Y10: 0.127142
A11: 2 | B11: -0.0292461 | C11: 70459.2 | D11: =C11-Equation_Sheet!$B$2 -> -30865.8 | H11: =(B11-$E$2)/$F$2 -> 0.072921299 | I11: =D11/$T$2 -> -0.8145298 | Y11: 0.13556
A12: 2 | B12: -0.026016 | C12: 69769.2 | D12: =C12-Equation_Sheet!$B$2 -> -31555.8 | H12: =(B12-$E$2)/$F$2 -> 0.092489716 | I12: =D12/$T$2 -> -0.83273848 | Y12: 0.110543
A13: 2 | B13: -0.0222164 | C13: 69773.2 | D13: =C13-Equation_Sheet!$B$2 -> -31551.8 | H13: =(B13-$E$2)/$F$2 -> 0.11550825 | I13: =D13/$T$2 -> -0.83263293 | Y13: 0.0607555
A14: 2 | B14: -0.0177937 | C14: 71226.9 | D14: =C14-Equation_Sheet!$B$2 -> -30098.1 | H14: =(B14-$E$2)/$F$2 -> 0.14230161 | I14: =D14/$T$2 -> -0.79427066 | Y14: 0.0520975
A15: 2 | B15: -0.0127049 | C15: 71819.7 | D15: =C15-Equation_Sheet!$B$2 -> -29505.3 | H15: =(B15-$E$2)/$F$2 -> 0.1731303 | I15: =D15/$T$2 -> -0.77862703 | Y15: 0.018484
... A40: 2 | B40: 0.123784 | C40: 100046 | D40: =C40-Equation_Sheet!$B$2 -> -1279 | H40: =(B40-$E$2)/$F$2 -> 1 | I40: =D40/$T$2 -> -0.033752037 | Y40: -0.453225
I41: =D41/$T$2 -> 0 | Y41: -0.56723
A42: 1 | B42: -0.041283 | C42: 136235 | D42: =C42-Equation_Sheet!$B$2 -> 34910 | H42: =(B42-$E$2)/$F$2 -> 0 | I42: =D42/$T$2 -> 0.92125379 | Y42: -0.565801
A43: 1 | B43: -0.0412612 | C43: 124459 | D43: =C43-Equation_Sheet!$B$2 -> 23134 | H43: =(B43-$E$2)/$F$2 -> 0.00013206758 | I43: =D43/$T$2 -> 0.61049227 | Y43: -0.578449
A44: 1 | B44: -0.0411447 | C44: 127536 | D44: =C44-Equation_Sheet!$B$2 -> 26211 | H44: =(B44-$E$2)/$F$2 -> 0.0008378416 | I44: =D44/$T$2 -> 0.69169244 | Y44: -0.578376
A45: 1 | B45: -0.0408845 | C45: 119992 | D45: =C45-Equation_Sheet!$B$2 -> 18667 | H45: =(B45-$E$2)/$F$2 -> 0.0024141712 | I45: =D45/$T$2 -> 0.49261084 | Y45: -0.551728
A46: 1 | B46: -0.0404199 | C46: 124387 | D46: =C46-Equation_Sheet!$B$2 -> 23062 | H46: =(B46-$E$2)/$F$2 -> 0.0052287859 | I46: =D46/$T$2 -> 0.60859224 | Y46: -0.540862
A47: 1 | B47: -0.0396835 | C47: 120401 | D47: =C47-Equation_Sheet!$B$2 -> 19076 | H47: =(B47-$E$2)/$F$2 -> 0.0096900047 | I47: =D47/$T$2 -> 0.50340411 | Y47: -0.483969
A48: 1 | B48: -0.0386735 | C48: 113160 | D48: =C48-Equation_Sheet!$B$2 -> 11835 | H48: =(B48-$E$2)/$F$2 -> 0.015808732 | I48: =D48/$T$2 -> 0.31231849 | Y48: -0.0588263
A49: 1 | B49: -0.0373563 | C49: 106501 | D49: =C49-Equation_Sheet!$B$2 -> 5176 | H49: =(B49-$E$2)/$F$2 -> 0.023788522 | I49: =D49/$T$2 -> 0.13659151 | Y49: -0.0402165
A50: 1 | B50: -0.0356896 | C50: 102814 | D50: =C50-Equation_Sheet!$B$2 -> 1489 | H50: =(B50-$E$2)/$F$2 -> 0.033885634 | I50: =D50/$T$2 -> 0.03929381 | Y50: -0.0788859
A51: 1 | B51: -0.0336234 | C51: 98601.9 | D51: =C51-Equation_Sheet!$B$2 -> -2723.1 | H51: =(B51-$E$2)/$F$2 -> 0.046402976 | I51: =D51/$T$2 -> -0.071860963 | Y51: -0.101385
A52: 1 | B52: -0.0311008 | C52: 95414.4 | D52: =C52-Equation_Sheet!$B$2 -> -5910.6 | H52: =(B52-$E$2)/$F$2 -> 0.061685255 | I52: =D52/$T$2 -> -0.15597716 | Y52: -0.123135
A53: 1 | B53: -0.0280606 | C53: 92537.6 | D53: =C53-Equation_Sheet!$B$2 -> -8787.4 | H53: =(B53-$E$2)/$F$2 -> 0.080103231 | I53: =D53/$T$2 -> -0.23189417 | Y53: 0.422751
... A79: 1 | B79: 0.121572 | C79: 124188 | D79: =C79-Equation_Sheet!$B$2 -> 22863 | H79: =(B79-$E$2)/$F$2 -> 0.98659938 | I79: =D79/$T$2 -> 0.60334075 | Y79: 0.216942
A80: 1 | B80: 0.122784 | C80: 140436 | D80: =C80-Equation_Sheet!$B$2 -> 39111 | H80: =(B80-$E$2)/$F$2 -> 0.99394185 | I80: =D80/$T$2 -> 1.0321156

Sheet 0.89
B1: Points_1 | C1: Pressure | R1: r | S1: v | T1: q | Y1: Pressure_Coefficient
A2: 1 | B2: -0.041283 | C2: 129790 | D2: =C2-Equation_Sheet!$B$2 -> 28465 | E2: =MIN(B:B) -> -0.041283 | F2: =E3-E2 -> 0.165067 | H2: =(B2-$E$2)/$F$2 -> 0 | I2: =D2/$T$2 -> 0.6267887 | R2: 1.04 | S2: =R2*Equation_Sheet!$D$2 -> 272.27136 | T2: =(Equation_Sheet!$E$2*'0.89'!S2^2)/2 -> 45414.028 | Y2: 0.745531
A3: 1 | B3: -0.0412612 | C3: 134375 | D3: =C3-Equation_Sheet!$B$2 -> 33050 | E3: =MAX(B:B) -> 0.123784 | H3: =(B3-$E$2)/$F$2 -> 0.00013206758 | I3: =D3/$T$2 -> 0.7277487 | Y3: -0.0197797
A4: 1 | B4: -0.0411447 | C4: 126019 | D4: =C4-Equation_Sheet!$B$2 -> 24694 | H4: =(B4-$E$2)/$F$2 -> 0.0008378416 | I4: =D4/$T$2 -> 0.54375269 | Y4: 0.463324
A5: 1 | B5: -0.0408845 | C5: 130247 | D5: =C5-Equation_Sheet!$B$2 -> 28922 | H5: =(B5-$E$2)/$F$2 -> 0.0024141712 | I5: =D5/$T$2 -> 0.63685167 | Y5: 0.144118
A6: 1 | B6: -0.0404199 | C6: 132515 | D6: =C6-Equation_Sheet!$B$2 -> 31190 | H6: =(B6-$E$2)/$F$2 -> 0.0052287859 | I6: =D6/$T$2 -> 0.68679219 | Y6: 0.30087
A7: 1 | B7: -0.0396835 | C7: 126806 | D7: =C7-Equation_Sheet!$B$2 -> 25481 | H7: =(B7-$E$2)/$F$2 -> 0.0096900047 | I7: =D7/$T$2 -> 0.56108213 | Y7: 0.127686
A8: 1 | B8: -0.0386735 | C8: 119212 | D8: =C8-Equation_Sheet!$B$2 -> 17887 | H8: =(B8-$E$2)/$F$2 -> 0.015808732 | I8: =D8/$T$2 -> 0.39386508 | Y8: 0.107225
A9: 1 | B9: -0.0373563 | C9: 113474 | D9: =C9-Equation_Sheet!$B$2 -> 12149 | H9: =(B9-$E$2)/$F$2 -> 0.023788522 | I9: =D9/$T$2 -> 0.26751646 | Y9: 0.114426
A10: 1 | B10: -0.0356896 | C10: 102143 | D10: =C10-Equation_Sheet!$B$2 -> 818 | H10: =(B10-$E$2)/$F$2 -> 0.033885634 | I10: =D10/$T$2 -> 0.018012055 | Y10: 0.0732412
A11: 1 | B11: -0.0336234 | C11: 102484 | D11: =C11-Equation_Sheet!$B$2 -> 1159 | H11: =(B11-$E$2)/$F$2 -> 0.046402976 | I11: =D11/$T$2 -> 0.025520749 | Y11: 0.0614413
A12: 1 | B12: -0.0311008 | C12: 95926.5 | D12: =C12-Equation_Sheet!$B$2 -> -5398.5 | H12: =(B12-$E$2)/$F$2 -> 0.061685255 | I12: =D12/$T$2 -> -0.11887296 | Y12: 0.0187316
A13: 1 | B13: -0.0280606 | C13: 95665.4 | D13: =C13-Equation_Sheet!$B$2 -> -5659.6 | H13: =(B13-$E$2)/$F$2 -> 0.080103231 | I13: =D13/$T$2 -> -0.12462228 | Y13: -0.00208395
A14: 1 | B14: -0.0244406 | C14: 91101.4 | D14: =C14-Equation_Sheet!$B$2 -> -10223.6 | H14: =(B14-$E$2)/$F$2 -> 0.10203372 | I14: =D14/$T$2 -> -0.22511987 | Y14: 0.605848
A15: 1 | B15: -0.0201819 | C15: 89886.7 | D15: =C15-Equation_Sheet!$B$2 -> -11438.3 | H15: =(B15-$E$2)/$F$2 -> 0.12783355 | I15: =D15/$T$2 -> -0.25186711 | Y15: 0.521791
... A40: 1 | B40: 0.122784 | C40: 141996 | D40: =C40-Equation_Sheet!$B$2 -> 40671 | H40: =(B40-$E$2)/$F$2 -> 0.99394185 | I40: =D40/$T$2 -> 0.89556028 | Y40: -0.152178
Y41: -0.123787
A42: 2 | B42: -0.0411845 | C42: 141970 | D42: =C42-Equation_Sheet!$B$2 -> 40645 | H42: =(B42-$E$2)/$F$2 -> 0.00059672739 | I42: =D42/$T$2 -> 0.89498777 | Y42: -0.0887023
A43: 2 | B43: -0.0409106 | C43: 133093 | D43: =C43-Equation_Sheet!$B$2 -> 31768 | H43: =(B43-$E$2)/$F$2 -> 0.0022560536 | I43: =D43/$T$2 -> 0.69951953 | Y43: -0.0594758
A44: 2 | B44: -0.0404312 | C44: 109109 | D44: =C44-Equation_Sheet!$B$2 -> 7784 | H44: =(B44-$E$2)/$F$2 -> 0.0051603288 | I44: =D44/$T$2 -> 0.17140078 | Y44: -0.0309048
A45: 2 | B45: -0.039751 | C45: 110706 | D45: =C45-Equation_Sheet!$B$2 -> 9381 | H45: =(B45-$E$2)/$F$2 -> 0.0092810798 | I45: =D45/$T$2 -> 0.20656613 | Y45: -0.0012388
A46: 2 | B46: -0.0388198 | C46: 99712.9 | D46: =C46-Equation_Sheet!$B$2 -> -1612.1 | H46: =(B46-$E$2)/$F$2 -> 0.014922425 | I46: =D46/$T$2 -> -0.035497842 | Y46: 0.0190518
A47: 2 | B47: -0.0376124 | C47: 87710 | D47: =C47-Equation_Sheet!$B$2 -> -13615 | H47: =(B47-$E$2)/$F$2 -> 0.022237031 | I47: =D47/$T$2 -> -0.29979723 | Y47: 0.066684
A48: 2 | B48: -0.0360961 | C48: 75252.7 | D48: =C48-Equation_Sheet!$B$2 -> -26072.3 | H48: =(B48-$E$2)/$F$2 -> 0.031422998 | I48: =D48/$T$2 -> -0.57410234 | Y48: 0.0825876
A49: 2 | B49: -0.0342298 | C49: 72715.7 | D49: =C49-Equation_Sheet!$B$2 -> -28609.3 | H49: =(B49-$E$2)/$F$2 -> 0.042729316 | I49: =D49/$T$2 -> -0.62996614 | Y49: 0.134072
A50: 2 | B50: -0.0319647 | C50: 68843.4 | D50: =C50-Equation_Sheet!$B$2 -> -32481.6 | H50: =(B50-$E$2)/$F$2 -> 0.056451623 | I50: =D50/$T$2 -> -0.71523274 | Y50: 0.157769
A51: 2 | B51: -0.0292461 | C51: 64021.7 | D51: =C51-Equation_Sheet!$B$2 -> -37303.3 | H51: =(B51-$E$2)/$F$2 -> 0.072921299 | I51: =D51/$T$2 -> -0.82140478 | Y51: -0.0291683
A52: 2 | B52: -0.026016 | C52: 62744.6 | D52: =C52-Equation_Sheet!$B$2 -> -38580.4 | H52: =(B52-$E$2)/$F$2 -> 0.092489716 | I52: =D52/$T$2 -> -0.84952604 | Y52: -0.0500006
A53: 2 | B53: -0.0222164 | C53: 63852.6 | D53: =C53-Equation_Sheet!$B$2 -> -37472.4 | H53: =(B53-$E$2)/$F$2 -> 0.11550825 | I53: =D53/$T$2 -> -0.8251283 | Y53: -0.0735425
... A79: 2 | B79: 0.122822 | C79: 143800 | D79: =C79-Equation_Sheet!$B$2 -> 42475 | H79: =(B79-$E$2)/$F$2 -> 0.99417206 | I79: =D79/$T$2 -> 0.93528369 | Y79: 0.134127
A80: 2 | B80: 0.123784 | C80: 100246 | D80: =C80-Equation_Sheet!$B$2 -> -1079 | H80: =(B80-$E$2)/$F$2 -> 1 | I80: =D80/$T$2 -> -0.023759178

Sheet 0.96
B1: Points_1 | C1: Pressure | R1: r | S1: v | T1: q | Y1: Pressure_Coefficient
A2: 1 | B2: -0.041283 | C2: 138082 | D2: =C2-Equation_Sheet!$B$2 -> 36757 | E2: =MIN(B:B) -> -0.041283 | F2: =E3-E2 -> 0.165067 | H2: =(B2-$E$2)/$F$2 -> 0 | I2: =D2/$T$2 -> 0.72348801 | R2: =0.96+0.14 -> 1.1 | S2: =R2*Equation_Sheet!$D$2 -> 287.97933 | T2: =(Equation_Sheet!$E$2*'0.96'!S2^2)/2 -> 50805.265 | Y2: 0.0870827
A3: 1 | B3: -0.0412612 | C3: 143091 | D3: =C3-Equation_Sheet!$B$2 -> 41766 | E3: =MAX(B:B) -> 0.123784 | H3: =(B3-$E$2)/$F$2 -> 0.00013206758 | I3: =D3/$T$2 -> 0.82208015 | Y3: 0.141295
A4: 1 | B4: -0.0411447 | C4: 136533 | D4: =C4-Equation_Sheet!$B$2 -> 35208 | H4: =(B4-$E$2)/$F$2 -> 0.0008378416 | I4: =D4/$T$2 -> 0.69299904 | Y4: 0.0657317
A5: 1 | B5: -0.0408845 | C5: 126449 | D5: =C5-Equation_Sheet!$B$2 -> 25124 | H5: =(B5-$E$2)/$F$2 -> 0.0024141712 | I5: =D5/$T$2 -> 0.49451568 | Y5: 0.0235762
A6: 1 | B6: -0.0404199 | C6: 129086 | D6: =C6-Equation_Sheet!$B$2 -> 27761 | H6: =(B6-$E$2)/$F$2 -> 0.0052287859 | I6: =D6/$T$2 -> 0.54641975 | Y6: -0.0150189
A7: 1 | B7: -0.0396835 | C7: 130960 | D7: =C7-Equation_Sheet!$B$2 -> 29635 | H7: =(B7-$E$2)/$F$2 -> 0.0096900047 | I7: =D7/$T$2 -> 0.58330569 | Y7: -0.0348907
A8: 1 | B8: -0.0386735 | C8: 121205 | D8: =C8-Equation_Sheet!$B$2 -> 19880 | H8: =(B8-$E$2)/$F$2 -> 0.015808732 | I8: =D8/$T$2 -> 0.39129803 | Y8: -0.0629046
A9: 1 | B9: -0.0373563 | C9: 116641 | D9: =C9-Equation_Sheet!$B$2 -> 15316 | H9: =(B9-$E$2)/$F$2 -> 0.023788522 | I9: =D9/$T$2 -> 0.30146482 | Y9: -0.0851596
A10: 1 | B10: -0.0356896 | C10: 106433 | D10: =C10-Equation_Sheet!$B$2 -> 5108 | H10: =(B10-$E$2)/$F$2 -> 0.033885634 | I10: =D10/$T$2 -> 0.10054076 | Y10: 0.79418
A11: 1 | B11: -0.0336234 | C11: 101677 | D11: =C11-Equation_Sheet!$B$2 -> 352 | H11: =(B11-$E$2)/$F$2 -> 0.046402976 | I11: =D11/$T$2 -> 0.0069284158 | Y11: 0.78776
A12: 1 | B12: -0.0311008 | C12: 94603.5 | D12: =C12-Equation_Sheet!$B$2 -> -6721.5 | H12: =(B12-$E$2)/$F$2 -> 0.061685255 | I12: =D12/$T$2 -> -0.13229928 | Y12: 0.6738
A13: 1 | B13: -0.0280606 | C13: 93426 | D13: =C13-Equation_Sheet!$B$2 -> -7899 | H13: =(B13-$E$2)/$F$2 -> 0.080103231 | I13: =D13/$T$2 -> -0.15547601 | Y13: 0.460557
A14: 1 | B14: -0.0244406 | C14: 89961.8 | D14: =C14-Equation_Sheet!$B$2 -> -11363.2 | H14: =(B14-$E$2)/$F$2 -> 0.10203372 | I14: =D14/$T$2 -> -0.22366186 | Y14: 0.645403
A15: 1 | B15: -0.0201819 | C15: 87131.9 | D15: =C15-Equation_Sheet!$B$2 -> -14193.1 | H15: =(B15-$E$2)/$F$2 -> 0.12783355 | I15: =D15/$T$2 -> -0.27936278 | Y15: 0.456672
... A40: 1 | B40: 0.122784 | C40: 152208 | D40: =C40-Equation_Sheet!$B$2 -> 50883 | H40: =(B40-$E$2)/$F$2 -> 0.99394185 | I40: =D40/$T$2 -> 1.0015301 | Y40: 0.17161
Y41: -0.260174
A42: 2 | B42: -0.0411845 | C42: 144649 | D42: =C42-Equation_Sheet!$B$2 -> 43324 | H42: =(B43-$E$2)/$F$2 -> 0.0022560536 | I42: =D42/$T$2 -> 0.85274627 | Y42: -0.272287
A43: 2 | B43: -0.0409106 | C43: 144299 | D43: =C43-Equation_Sheet!$B$2 -> 42974 | H43: =(B44-$E$2)/$F$2 -> 0.0051603288 | I43: =D43/$T$2 -> 0.84585722 | Y43: -0.208298
A44: 2 | B44: -0.0404312 | C44: 126238 | D44: =C44-Equation_Sheet!$B$2 -> 24913 | H44: =(B45-$E$2)/$F$2 -> 0.0092810798 | I44: =D44/$T$2 -> 0.49036257 | Y44: -0.144796
A45: 2 | B45: -0.039751 | C45: 103128 | D45: =C45-Equation_Sheet!$B$2 -> 1803 | H45: =(B46-$E$2)/$F$2 -> 0.014922425 | I45: =D45/$T$2 -> 0.035488448 | Y45: -0.123211
A46: 2 | B46: -0.0388198 | C46: 100547 | D46: =C46-Equation_Sheet!$B$2 -> -778 | H46: =(B47-$E$2)/$F$2 -> 0.022237031 | I46: =D46/$T$2 -> -0.015313374 | Y46: -0.182772
A47: 2 | B47: -0.0376124 | C47: 82980.4 | D47: =C47-Equation_Sheet!$B$2 -> -18344.6 | H47: =(B48-$E$2)/$F$2 -> 0.031422998 | I47: =D47/$T$2 -> -0.36107675 | Y47: -0.214213
A48: 2 | B48: -0.0360961 | C48: 74246 | D48: =C48-Equation_Sheet!$B$2 -> -27079 | H48: =(B49-$E$2)/$F$2 -> 0.042729316 | I48: =D48/$T$2 -> -0.53299594 | Y48: -0.152221
A49: 2 | B49: -0.0342298 | C49: 70436.5 | D49: =C49-Equation_Sheet!$B$2 -> -30888.5 | H49: =(B50-$E$2)/$F$2 -> 0.056451623 | I49: =D49/$T$2 -> -0.60797833 | Y49: -0.123382
A50: 2 | B50: -0.0319647 | C50: 67849.2 | D50: =C50-Equation_Sheet!$B$2 -> -33475.8 | H50: =(B51-$E$2)/$F$2 -> 0.072921299 | I50: =D50/$T$2 -> -0.65890415 | Y50: -0.0964676
A51: 2 | B51: -0.0292461 | C51: 64923.5 | D51: =C51-Equation_Sheet!$B$2 -> -36401.5 | H51: =(B52-$E$2)/$F$2 -> 0.092489716 | I51: =D51/$T$2 -> -0.7164907 | Y51: -0.067501
A52: 2 | B52: -0.026016 | C52: 61097.6 | D52: =C52-Equation_Sheet!$B$2 -> -40227.4 | H52: =(B53-$E$2)/$F$2 -> 0.11550825 | I52: =D52/$T$2 -> -0.79179589 | Y52: -0.0413987
A53: 2 | B53: -0.0222164 | C53: 60007.8 | D53: =C53-Equation_Sheet!$B$2 -> -41317.2 | H53: =(B54-$E$2)/$F$2 -> 0.14230161 | I53: =D53/$T$2 -> -0.81324642 | Y53: -0.0160938
... A79: 2 | B79: 0.122822 | C79: 144518 | D79: =C79-Equation_Sheet!$B$2 -> 43193 | H79: =(B80-$E$2)/$F$2 -> 1 | I79: =D79/$T$2 -> 0.8501678 | Y79: 0.317818
A80: 2 | B80: 0.123784 | C80: 101204 | D80: =C80-Equation_Sheet!$B$2 -> -121

Sheet Equation_Sheet
A1: Caradonna_Radius | B1: Pressure [free_steam) | C1: Temp [free_stream] | D1: omega | E1: rho
A2: 1.143 | B2: 101325 | C2: 288.15 | D2: =(2500*2*PI())/60 -> 261.79939 | E2: =B2/(287*C2) -> 1.2252257

Sheet NASA_Exp.data
A3: Upper | B3: x/c | D3: x/c | F3: x/c | H3: x/c | J3: x/c
B4: 0 | C4: -0.9138 | D4: 0.02 | E4: -0.9416 | F4: 0 | G4: 0.1853 | H4: 0.01 | I4: -0.4445 | J4: 0 | K4: 1.092 | M4: =C4*(-1) -> 0.9138 | O4: =E4*(-1) -> 0.9416 | Q4: =G4*(-1) -> -0.1853 | S4: =I4*(-1) -> 0.4445 | U4: =K4*(-1) -> -1.092
B5: 0.03 | C5: -0.8691 | D5: 0.06 | E5: -0.9398 | F5: 0.03 | G5: -0.4832 | H5: 0.04 | I5: -0.8535 | J5: 0.02 | K5: -0.4994 | M5: =C5*(-1) -> 0.8691 | O5: =E5*(-1) -> 0.9398 | Q5: =G5*(-1) -> 0.4832 | S5: =I5*(-1) -> 0.8535 | U5: =K5*(-1) -> 0.4994
B6: 0.12 | C6: -0.7134 | D6: 0.1 | E6: -0.9108 | F6: 0.04 | G6: -1.153 | H6: 0.08 | I6: -0.9171 | J6: 0.07 | K6: -0.8911 | M6: =C6*(-1) -> 0.7134 | O6: =E6*(-1) -> 0.9108 | Q6: =G6*(-1) -> 1.153 | S6: =I6*(-1) -> 0.9171 | U6: =K6*(-1) -> 0.8911
B7: 0.2 | C7: -0.5317 | D7: 0.15 | E7: -0.8725 | F7: 0.07 | G7: -1.195 | H7: 0.1 | I7: -0.9235 | J7: 0.09 | K7: -0.9772 | M7: =C7*(-1) -> 0.5317 | O7: =E7*(-1) -> 0.8725 | Q7: =G7*(-1) -> 1.195 | S7: =I7*(-1) -> 0.9235 | U7: =K7*(-1) -> 0.9772
B8: 0.47 | C8: -0.3517 | D8: 0.19 | E8: -0.7254 | F8: 0.13 | G8: -1.156 | H8: 0.13 | I8: -1.046 | J8: 0.15 | K8: -1.062 | M8: =C8*(-1) -> 0.3517 | O8: =E8*(-1) -> 0.7254 | Q8: =G8*(-1) -> 1.156 | S8: =I8*(-1) -> 1.046 | U8: =K8*(-1) -> 1.062
B9: 0.69 | C9: -0.2055 | D9: 0.23 | E9: -0.6488 | F9: 0.17 | G9: -1.17 | H9: 0.17 | I9: -1.116 | J9: 0.19 | K9: -1.028 | M9: =C9*(-1) -> 0.2055 | O9: =E9*(-1) -> 0.6488 | Q9: =G9*(-1) -> 1.17 | S9: =I9*(-1) -> 1.116 | U9: =K9*(-1) -> 1.028
B10: 0.83 | C10: -0.08736 | D10: 0.29 | E10: -0.5834 | F10: 0.21 | G10: -1.061 | H10: 0.21 | I10: -1.208 | J10: 0.27 | K10: -1.082 | M10: =C10*(-1) -> 0.08736 | O10: =E10*(-1) -> 0.5834 | Q10: =G10*(-1) -> 1.061 | S10: =I10*(-1) -> 1.208 | U10: =K10*(-1) -> 1.082
D11: 0.33 | E11: -0.5307 | F11: 0.26 | G11: -0.7839 | H11: 0.29 | I11: -0.9472 | J11: 0.33 | K11: -0.6606 | O11: =E11*(-1) -> 0.5307 | Q11: =G11*(-1) -> 0.7839 | S11: =I11*(-1) -> 0.9472 | U11: =K11*(-1) -> 0.6606
D12: 0.34 | E12: -0.4183 | F12: 0.3 | G12: -0.7393 | H12: 0.3 | I12: -1.127 | J12: 0.39 | K12: -0.2237 | O12: =E12*(-1) -> 0.4183 | Q12: =G12*(-1) -> 0.7393 | S12: =I12*(-1) -> 1.127 | U12: =K12*(-1) -> 0.2237
D13: 0.44 | E13: -0.3937 | F13: 0.35 | G13: -0.4928 | H13: 0.34 | I13: -1.035 | J13: 0.44 | K13: -0.1947 | O13: =E13*(-1) -> 0.3937 | Q13: =G13*(-1) -> 0.4928 | S13: =I13*(-1) -> 1.035 | U13: =K13*(-1) -> 0.1947
D14: 0.52 | E14: -0.3235 | F14: 0.4 | G14: -0.3202 | H14: 0.4 | I14: -0.5771 | J14: 0.49 | K14: -0.1394 | O14: =E14*(-1) -> 0.3235 | Q14: =G14*(-1) -> 0.3202 | S14: =I14*(-1) -> 0.5771 | U14: =K14*(-1) -> 0.1394
D15: 0.61 | E15: -0.2215 | F15: 0.5 | G15: -0.2584 | H15: 0.44 | I15: -0.3754 | J15: 0.51 | K15: -0.1174 | O15: =E15*(-1) -> 0.2215 | Q15: =G15*(-1) -> 0.2584 | S15: =I15*(-1) -> 0.3754 | U15: =K15*(-1) -> 0.1174
D16: 0.73 | E16: -0.1338 | F16: 0.56 | G16: -0.1748 | H16: 0.47 | I16: -0.2111 | J16: 0.61 | K16: -0.6527 | O16: =E16*(-1) -> 0.1338 | Q16: =G16*(-1) -> 0.1748 | S16: =I16*(-1) -> 0.2111 | U16: =K16*(-1) -> 0.6527
D17: 0.8 | E17: -0.0653 | F17: 0.65 | G17: -0.1276 | H17: 0.5 | I17: -0.1375 | J17: 0.76 | K17: -0.6527 | O17: =E17*(-1) -> 0.0653 | Q17: =G17*(-1) -> 0.1276 | S17: =I17*(-1) -> 0.1375 | U17: =K17*(-1) -> 0.6527
F18: 0.74 | G18: 0.08021 | H18: 0.53 | I18: -0.0998 | J18: 0.9 | K18: 0.06074 | Q18: =G18*(-1) -> -0.08021 | S18: =I18*(-1) -> 0.0998 | U18: =K18*(-1) -> -0.06074
F19: 0.9 | G19: 0.08021 | H19: 0.65 | I19: 0.05006 | Q19: =G19*(-1) -> -0.08021 | S19: =I19*(-1) -> -0.05006
H20: 0.8 | I20: 0.006794 | S20: =I20*(-1) -> -0.006794
H21: 0.87 | I21: 0.07194 | S21: =I21*(-1) -> -0.07194
A23: Lower
B24: 0.04 | C24: 0.05606 | D24: 0 | E24: 0.9269 | F24: 0.01 | G24: 0.5175 | H24: 0.01 | I24: 0.7027 | J24: 0 | K24: 1.114 | M24: =C24*(-1) -> -0.05606 | O24: =E24*(-1) -> -0.9269 | Q24: =G24*(-1) -> -0.5175 | S24: =I24*(-1) -> -0.7027 | U24: =K24*(-1) -> -1.114
B25: 0.2 | C25: 0.2758 | D25: 0.07 | E25: 0.02059 | F25: 0.02 | G25: 0.3691 | H25: 0.04 | I25: 0.2745 | J25: 0.07 | K25: 0.08774 | M25: =C25*(-1) -> -0.2758 | O25: =E25*(-1) -> -0.02059 | Q25: =G25*(-1) -> -0.3691 | S25: =I25*(-1) -> -0.2745 | U25: =K25*(-1) -> -0.08774
B26: 0.28 | C26: 0.2195 | D26: 0.18 | E26: -0.2532 | F26: 0.14 | G26: -0.1601 | H26: 0.14 | I26: -0.1886 | J26: 0.16 | K26: -0.2487 | M26: =C26*(-1) -> -0.2195 | O26: =E26*(-1) -> 0.2532 | Q26: =G26*(-1) -> 0.1601 | S26: =I26*(-1) -> 0.1886 | U26: =K26*(-1) -> 0.2487
B27: 0.46 | C27: 0.09861 | D27: 0.28 | E27: -0.2804 | F27: 0.21 | G27: -0.2534 | H27: 0.28 | I27: -0.3035 | J27: 0.33 | K27: -0.3238 | M27: =C27*(-1) -> -0.09861 | O27: =E27*(-1) -> 0.2804 | Q27: =G27*(-1) -> 0.2534 | S27: =I27*(-1) -> 0.3035 | U27: =K27*(-1) -> 0.3238
B28: 0.85 | C28: 0.03674 | D28: 0.38 | E28: -0.2335 | F28: 0.34 | G28: -0.3302 | H28: 0.33 | I28: -0.2514 | J28: 0.39 | K28: -0.2558 | M28: =C28*(-1) -> -0.03674 | O28: =E28*(-1) -> 0.2335 | Q28: =G28*(-1) -> 0.3302 | S28: =I28*(-1) -> 0.2514 | U28: =K28*(-1) -> 0.2558
D29: 0.51 | E29: -0.1467 | F29: 0.37 | G29: -0.2862 | H29: 0.51 | I29: -0.1758 | J29: 0.43 | K29: -0.1758 | O29: =E29*(-1) -> 0.1467 | Q29: =G29*(-1) -> 0.2862 | S29: =I29*(-1) -> 0.1758 | U29: =K29*(-1) -> 0.1758
D30: 0.79 | E30: -0.02036 | F30: 0.47 | G30: -0.1534 | H30: 0.69 | I30: 0.2193 | J30: 0.74 | K30: -0.0644 | O30: =E30*(-1) -> 0.02036 | Q30: =G30*(-1) -> 0.1534 | S30: =I30*(-1) -> -0.2193 | U30: =K30*(-1) -> 0.0644
F31: 0.74 | G31: -0.06557 | H31: 0.9 | I31: 0.07312 | J31: 0.85 | K31: -0.01127 | Q31: =G31*(-1) -> 0.06557 | S31: =I31*(-1) -> -0.07312 | U31: =K31*(-1) -> 0.01127
F32: 0.99 | G32: 0.06445 | Q32: =G32*(-1) -> -0.06445
